<core:FragmentDefinition
    xmlns:core="sap.ui.core"
    xmlns:form="sap.ui.layout.form"
    xmlns="sap.m"
>
    <Dialog
        id="_IDGenDialog156ytghji87yt"
        title="Confirm Rejection"
        class="dialogSlideIn"
        resizable="true"
        draggable="true"
        contentWidth="35%"
        contentHeight="15%"
    >
        <content>
            <form:SimpleForm
                id="_I2345rdfDGenSimpleForm1"
                editable="true"
                layout="ResponsiveGridLayout"
                labelSpanXL="3"
                labelSpanL="3"
                labelSpanM="3"
                labelSpanS="12"
                adjustLabelSpan="false"
                emptySpanXL="4"
                emptySpanL="4"
                emptySpanM="4"
                emptySpanS="0"
                columnsXL="1"
                columnsL="1"
                columnsM="1"
                singleContainerFullSize="false"
            >
                
                <Text id="idtext54rftyhnbhy" text="CAUTION:" />
                <Text id="idt3erdext54rftyhnbhy" text="Are you sure you want to reject reservation..?" />
            </form:SimpleForm>
        </content>
        <beginButton>
            <Button
                id="dgfbdsfgswsrefsdcszvewad"
                text="Reject"
                type="Negative"
                press="onRejectReservePress"
            />
        </beginButton>
        <endButton>
            <Button
                id="ssefgrsefdscszdfewadffdeqaavfeg"
                text="Close"
                press="onRejectCloseConfirmDialog"
            />
        </endButton>
    </Dialog>
</core:FragmentDefinition>
