{
  "images/Truck.jpg": 1720689299448,
  "model/models.js": 1719829056153,
  "controller/basecontroller.js": 1720002668133,
  "controller/HomeView.controller.js": 1721130521247,
  "controller/App.controller.js": 1719829056157,
  "manifest.json": 1721133199118,
  "Component.js": 1719829056145,
  "Component-dbg.js": 1719829056145,
  "Component.js.map": 1721133199330,
  "controller/basecontroller-dbg.js": 1720002668133,
  "controller/basecontroller.js.map": 1721133199329,
  "controller/HomeView-dbg.controller.js": 1721130521247,
  "controller/HomeView.controller.js.map": 1721133199398,
  "controller/App-dbg.controller.js": 1719829056157,
  "controller/App.controller.js.map": 1721133199321,
  "model/models-dbg.js": 1719829056153,
  "model/models.js.map": 1721133199325,
  "Component-preload.js": 1721133201081,
  "Component-preload.js.map": 1721133201081,
  "view/HomeView.view.xml": 1721037432607,
  "view/App.view.xml": 1719829056157,
  "images/Vishal-MegaMart.png": 1721034788956,
  "images/VMM-1.png": 1720681144813,
  "images/TruckReturn.gif": 1721024916926,
  "images/TruckIn.gif": 1721024756541,
  "images/TruckGif.gif": 1720788385361,
  "images/Truck4.jpg": 1720689802739,
  "images/Truck3.jpg": 1720689802535,
  "images/Truck2.jpg": 1720689802515,
  "i18n/i18n.properties": 1719829070297,
  "fragments/confirmBookings.fragment.xml": 1720500636252,
  "fragments/Reservations.fragment.xml": 1720700760741,
  "fragments/RejectConfirmation.fragment.xml": 1720678103636,
  "fragments/ConfirmAssign.fragment.xml": 1720507611307,
  "css/style.css": 1721034142807,
  "index.html": 1719829056145
}