{
  "Secrets/Config.js.map": 1721817318232,
  "controller/App.controller.js": 1721211561414,
  "controller/basecontroller.js": 1721211561414,
  "controller/HomeView.controller.js": 1721816788905,
  "model/models.js": 1721211561434,
  "Secrets/Config.js": 1721799258992,
  "manifest.json": 1721817318085,
  "Component.js": 1721211561414,
  "Secrets/Config-dbg.js": 1721799258992,
  "i18n/i18n.properties": 1721211561414,
  "controller/basecontroller-dbg.js": 1721211561414,
  "controller/basecontroller.js.map": 1721817318234,
  "controller/HomeView-dbg.controller.js": 1721816788905,
  "controller/HomeView.controller.js.map": 1721817318290,
  "model/models-dbg.js": 1721211561434,
  "model/models.js.map": 1721817318233,
  "controller/App-dbg.controller.js": 1721211561414,
  "controller/App.controller.js.map": 1721817318233,
  "Component-dbg.js": 1721211561414,
  "Component.js.map": 1721817318236,
  "Component-preload.js": 1721817318512,
  "Component-preload.js.map": 1721817318513,
  "view/HomeView.view.xml": 1721806483631,
  "view/App.view.xml": 1721211561434,
  "images/Vishal-MegaMart.png": 1721211561434,
  "images/VMM-1.png": 1721211561434,
  "images/TruckReturn.gif": 1721211561434,
  "images/TruckIn.gif": 1721211561430,
  "images/TruckGif.gif": 1721211561422,
  "images/Truck4.jpg": 1721211561418,
  "images/Truck3.jpg": 1721211561418,
  "images/Truck2.jpg": 1721211561418,
  "images/Truck.jpeg": 1721379255769,
  "css/style.css": 1721735010130,
  "fragments/confirmBookings.fragment.xml": 1721212294715,
  "fragments/Reservations.fragment.xml": 1721212318755,
  "fragments/RejectConfirmation.fragment.xml": 1721211561414,
  "fragments/DataAnalytics.fragment.xml": 1721737443114,
  "fragments/ConfirmAssign.fragment.xml": 1721211561414,
  "index.html": 1721211561434
}