{
  "images/TruckIn.gif": 1721212046259,
  "manifest.json": 1721906327394,
  "controller/baseController.js": 1721211561438,
  "controller/VendorView.controller.js": 1721211561438,
  "controller/App.controller.js": 1721211561438,
  "model/models.js": 1721211561438,
  "Component.js": 1721211561438,
  "controller/baseController-dbg.js": 1721211561438,
  "controller/baseController.js.map": 1721906327537,
  "controller/VendorView-dbg.controller.js": 1721211561438,
  "controller/VendorView.controller.js.map": 1721906327550,
  "controller/App-dbg.controller.js": 1721211561438,
  "controller/App.controller.js.map": 1721906327536,
  "model/models-dbg.js": 1721211561438,
  "model/models.js.map": 1721906327536,
  "Component-dbg.js": 1721211561438,
  "Component.js.map": 1721906327539,
  "Component-preload.js": 1721906327750,
  "Component-preload.js.map": 1721906327750,
  "view/VendorView.view.xml": 1721212746732,
  "view/App.view.xml": 1721211561438,
  "images/Warehouse.jpeg": 1721213168626,
  "images/Vishal-MegaMart.png": 1721212046263,
  "images/VMM-1.png": 1721212046263,
  "images/TruckReturn.gif": 1721212046263,
  "i18n/i18n.properties": 1721211561438,
  "images/TruckGif.gif": 1721212046251,
  "images/Truck4.jpg": 1721212046247,
  "images/Truck3.jpg": 1721212046247,
  "images/Truck2.jpg": 1721212046247,
  "images/Truck.jpg": 1721212046247,
  "fragments/reserveSlot.fragment.xml": 1721211561438,
  "css/style.css": 1721212736384,
  "index.html": 1721211561438
}