<core:FragmentDefinition
    xmlns:core="sap.ui.core"
    xmlns:form="sap.ui.layout.form"
    xmlns="sap.m"
>
    <Dialog
        id="myDialog"
        title="Book a Parking Slot"
        class="dialogSlideIn"
        resizable="true"
        draggable="true"
        contentWidth="45%"
        contentHeight="30%"
    >
        <content>
            <form:SimpleForm
            class="popElements"
                id="idBooksDetailsFormToCreate"
                editable="true"
                layout="ResponsiveGridLayout"
                labelSpanXL="3"
                labelSpanL="3"
                labelSpanM="3"
                labelSpanS="12"
                adjustLabelSpan="false"
                emptySpanXL="4"
                emptySpanL="4"
                emptySpanM="4"
                emptySpanS="0"
                columnsXL="1"
                columnsL="1"
                columnsM="1"
                singleContainerFullSize="false"
            >
                <Label
                    id="idAuthorNameLabelCreate2347IUYHAI"
                    text="Driver Name"
                />
                <Input
                    id="idkdjgbrrddrivername"
                />
                <Label
                    id="idbookNameLabelCreateKHB"
                    text="Driver Mobile"
                />
                <Input
                    id="iddrivrtmobilwInput"
                />
                <Label
                    id="idbookateKHB"
                    text="Vehicle Number"
                />
                <Input
                    id="idameInput"
                />
                <Label
                    id="idstockLabelCreateTCYF"
                    text="Type of Devlivery"
                />
                <!-- <Select id="idTypeOfDelivery">
                    <core:Item
                        id="_IDGenItem23dd4"
                        key="Select"
                        text=""
                    />
                    <core:Item
                        id="_IDGenItem234"
                        key="InBound"
                        text="InBound"
                    />
                    <core:Item
                        id="_IDGenItem2344"
                        key="OutBound"
                        text="OutBound"
                    />
                </Select> -->
                 <Label
                    id="idboaodkNaasmeLabelCreateKHB"
                    text="Vendor Name"
                />
                <Input
                    id="idvendordadNameInput"
                />
            </form:SimpleForm>
        </content>
          <beginButton>
            <Button
                id="idkjwge"
                text="Book"
                press="onBookSlotPress"
            />
        </beginButton>
        <endButton>
            <Button
                id="_IDGenButton1"
                text="Close"
                press="onCloseDialog"
            />
        </endButton>
      
    </Dialog>
</core:FragmentDefinition>
