{
  "controller/App.controller.js.map": 1721133230566,
  "manifest.json": 1721133230318,
  "controller/baseController.js": 1720414077896,
  "controller/VendorView.controller.js": 1720670846973,
  "controller/App.controller.js": 1720180046065,
  "model/models.js": 1720180046065,
  "Component.js": 1720180046057,
  "controller/baseController-dbg.js": 1720414077896,
  "controller/baseController.js.map": 1721133230574,
  "controller/VendorView-dbg.controller.js": 1720670846973,
  "controller/VendorView.controller.js.map": 1721133230587,
  "controller/App-dbg.controller.js": 1720180046065,
  "i18n/i18n.properties": 1720180060273,
  "model/models-dbg.js": 1720180046065,
  "model/models.js.map": 1721133230567,
  "Component-dbg.js": 1720180046057,
  "Component.js.map": 1721133230570,
  "Component-preload.js": 1721133230924,
  "Component-preload.js.map": 1721133230924,
  "view/VendorView.view.xml": 1721035246076,
  "view/App.view.xml": 1720180046073,
  "images/Vishal-MegaMart.png": 1721035390474,
  "images/VMM-1.png": 1721035390454,
  "images/TruckReturn.gif": 1721035390442,
  "images/TruckIn.gif": 1721035390410,
  "images/TruckGif.gif": 1721035390378,
  "images/Truck4.jpg": 1721035390306,
  "images/Truck3.jpg": 1721035390294,
  "images/Truck2.jpg": 1721035390290,
  "images/Truck.jpg": 1721035390278,
  "fragments/reserveSlot.fragment.xml": 1720441074225,
  "css/style.css": 1721034965399,
  "index.html": 1720180046057
}